{
  "data": [
    {"y": 0, "x": 0, "color": "#ff9900", "username": "scottmwalton"},
    {"y": 0, "x": 1, "color": "#0d6d6e", "username": "ViniciusPolachini"},
    {"y": 0, "x": 2, "color": "#50325B", "username": "jesuslerma"},
    {"y": 0, "x": 3, "color": "#FFFF00", "username": "Beowulfdgo"},
    {"y": 0, "x": 4, "color": "#a51c30", "username": "lonerz"},
    {"y": 0, "x": 5, "color": "#b51c30", "username": "rosemhong"},
    {"y": 0, "x": 6, "color": "#cb81e6", "username": "adriafh"},
    {"y": 0, "x": 7, "color": "#00cc00", "username": "Praserih"},
    {"y": 0, "x": 8, "color": "#F36E37", "username": "etakao"},
    {"y": 0, "x": 9, "color": "#ff0000", "username": "miquelfire"},
    {"y": 0, "x": 10, "color": "#FFFF00", "username": "draganov89"},
    {"y": 0, "x": 11, "color": "#000000", "username": "martinoywa"},
    {"y": 0, "x": 12, "color": "#fc03be", "username": "bobcat4848"},
    {"y": 0, "x": 13, "color": "#FFFFFF", "username": "HeinKhantZaw"},
    {"y": 0, "x": 14, "color": "#ff00ff", "username": "obstaclez"},
    {"y": 0, "x": 15, "color": "#F36E37", "username": "Helene-code"},
    {"y": 0, "x": 16, "color": "#2cdf63", "username": "Sirius-A-C"},
    {"y": 0, "x": 17, "color": "#0F7DC2", "username": "covalentbond"},
    {"y": 0, "x": 18, "color": "#50325B", "username": "KasperLK"},
    {"y": 0, "x": 19, "color": "#4285F4", "username": "bhavik-dodia"},
    {"y": 0, "x": 20, "color": "#003B6F", "username": "buzzell"},
    {"y": 0, "x": 21, "color": "#003B6F", "username": "MonteCrystal"},
    {"y": 0, "x": 22, "color": "#114514", "username": "Certseeds"},
    {"y": 0, "x": 23, "color": "#000000", "username": "jpceia"},
    {"y": 0, "x": 24, "color": "#ff00ee", "username": "ParitySm"},
    {"y": 0, "x": 25, "color": "#000019", "username": "AgoraSecurity"},
    {"y": 0, "x": 26, "color": "#ff5632", "username": "ga-sr"},
    {"y": 0, "x": 27, "color": "#94c93d", "username": "theslamanderson"},
    {"y": 0, "x": 28, "color": "#eb4034", "username": "pdmduc"},
    {"y": 0, "x": 29, "color": "#ff00ee", "username": "plummy6690"},
    {"y": 0, "x": 30, "color": "#2997ff", "username": "LUUUAN"},
    {"y": 0, "x": 31, "color": "#beef42", "username": "Dog"},
    {"y": 0, "x": 32, "color": "#FFFFFF", "username": "michaelahalim"},
    {"y": 0, "x": 33, "color": "#ff0000", "username": "pfigz"},
    {"y": 0, "x": 34, "color": "#ff2052", "username": "TheHandsomeCoder"},
    {"y": 0, "x": 35, "color": "#FFFF00", "username": "eduardo-raiser"},
    {"y": 0, "x": 40, "color": "#990000", "username": "MinorLess"},
    {"y": 0, "x": 45, "color": "#800040", "username": "msoygen"},
    {"y": 0, "x": 50, "color": "#011223", "username": "bestvishesh"},
    {"y": 0, "x": 54, "color": "#24c927", "username": "SnikendePai"},
    {"y": 0, "x": 55, "color": "#fec5e6", "username": "314zza"},
    {"y": 0, "x": 56, "color": "#2997ff", "username": "ensoam"},
    {"y": 0, "x": 57, "color": "#2cdf63", "username": "lnetza"},
    {"y": 0, "x": 58, "color": "#111111", "username": "dennisurtubia"},
    {"y": 0, "x": 59, "color": "#9429ff", "username": "pedrogfx"},
    {"y": 1, "x": 0, "color": "#f6f657", "username": "gustavozaia"},
    {"y": 1, "x": 1, "color": "#990099", "username": "rafael-rosseto"},
    {"y": 1, "x": 2, "color": "#FFFF00", "username": "grelca"},
    {"y": 1, "x": 3, "color": "#babaca", "username": "andrescalco"},
    {"y": 1, "x": 4, "color": "#F22F46", "username": "<UNCLAIMED>"},
    {"y": 1, "x": 5, "color": "#F22F46", "username": "<UNCLAIMED>"},
    {"y": 1, "x": 6, "color": "#F22F46", "username": "<UNCLAIMED>"},
    {"y": 1, "x": 7, "color": "#FFFF00", "username": "bisalwa"},
    {"y": 1, "x": 8, "color": "#FFFF00", "username": "dlede"},
    {"y": 1, "x": 9, "color": "#ff9900", "username": "JamesMoncode"},
    {"y": 1, "x": 10, "color": "#FFFF00", "username": "jefs42"},
    {"y": 1, "x": 11, "color": "#FFFF00", "username": "majortank"},
    {"y": 1, "x": 12, "color": "#FFFF00", "username": "quintenvl"},
    {"y": 1, "x": 13, "color": "#FFFFFF", "username": "sixelalexis"},
    {"y": 1, "x": 14, "color": "#FFFF00", "username": "kchenx"},
    {"y": 1, "x": 15, "color": "#FFFF00", "username": "matthew-dawson"},
    {"y": 1, "x": 16, "color": "#F22F46", "username": "chaitanyakasaraneni"},
    {"y": 1, "x": 17, "color": "#F22F46", "username": "achalesh27022003"},
    {"y": 1, "x": 18, "color": "#DEADBF", "username": "DanRowe"},
    {"y": 1, "x": 19, "color": "#FFFF00", "username": "MasterWanna"},
    {"y": 1, "x": 20, "color": "#FFFF01", "username": "tia-99"},
    {"y": 1, "x": 21, "color": "#210B61", "username": "dzeyelid"},
    {"y": 1, "x": 22, "color": "#FF2F21", "username": "PaulZhu0122"},
    {"y": 1, "x": 23, "color": "#F22F46", "username": "rodneybbjr"},
    {"y": 1, "x": 34, "color": "#AAFF00", "username": "foting"},
    {"y": 1, "x": 35, "color": "#333333", "username": "spoelstraethan"},
    {"y": 1, "x": 58, "color": "#ff0000", "username": "willianrod"},
    {"y": 1, "x": 59, "color": "#FF0000", "username": "sivanmah"},
    {"y": 2, "x": 0, "color": "#FF0000", "username": "8BitSpecter"},
    {"y": 2, "x": 1, "color": "#1111c1", "username": "da-debanes"},
    {"y": 2, "x": 2, "color": "#00ffff", "username": "ccraighead"},
    {"y": 2, "x": 3, "color": "#FFFF00", "username": "kingdomcross"},
    {"y": 2, "x": 4, "color": "#8007AA", "username": "v-cloudd"},
    {"y": 2, "x": 5, "color": "#00ffff", "username": "VG-Huai"},
    {"y": 2, "x": 6, "color": "#FFFF00", "username": "Cleverson-Esales"},
    {"y": 2, "x": 9, "color": "#EE2C2C", "username": "gdjs2"},
    {"y": 2, "x": 10, "color": "#F248D6", "username": "kun432"},
    {"y": 2, "x": 11, "color": "#0174DF", "username": "ojulianos"},
    {"y": 2, "x": 12, "color": "#FFFFFF", "username": "id-NaN"},
    {"y": 2, "x": 22, "color": "#FFFFFF", "username": "andrewhlu"},
    {"y": 2, "x": 59, "color": "#FFFFFF", "username": "KarlFFFischer"},
    {"y": 3, "x": 1, "color": "#F22F46", "username": "<UNCLAIMED>"},
    {"y": 3, "x": 2, "color": "#D60000", "username": "altf4m88"},
    {"y": 3, "x": 3, "color": "#F22F46", "username": "<UNCLAIMED>"},
    {"y": 3, "x": 6, "color": "#F22F46", "username": "<UNCLAIMED>"},
    {"y": 3, "x": 7, "color": "#ed8936", "username": "VAM7686"},
    {"y": 3, "x": 8, "color": "#F22F46", "username": "<UNCLAIMED>"},
    {"y": 3, "x": 9, "color": "#F22F46", "username": "raychani1"},
    {"y": 3, "x": 10, "color": "#F22F46", "username": "suryomujahid"},
    {"y": 3, "x": 11, "color": "#1e91bd", "username": "homero304"},
    {"y": 3, "x": 12, "color": "#E48BCC", "username": "extraalek"},
    {"y": 3, "x": 14, "color": "#ffcc00", "username": "biinari"},
    {"y": 3, "x": 22, "color": "#F22F46", "username": "Juamez"},
    {"y": 3, "x": 27, "color": "#420696", "username": "awpdev"},
    {"y": 3, "x": 28, "color": "#b2ac88", "username": "sagenm"},
    {"y": 3, "x": 29, "color": "#FFFF00", "username": "luckyhero613"},
    {"y": 3, "x": 30, "color": "#0f3be0", "username": "blzebra"},
    {"y": 3, "x": 33, "color": "#800080", "username": "Bismuth-333"},
    {"y": 4, "x": 1, "color": "#F22F46", "username": "<UNCLAIMED>"},
    {"y": 4, "x": 2, "color": "#ff66f5", "username": "kwaczek"},
    {"y": 4, "x": 4, "color": "#ff66f5", "username": "juan94v"},
    {"y": 4, "x": 5, "color": "#ff66f5", "username": "bibliofilo"},
    {"y": 4, "x": 6, "color": "#ff11f5", "username": "umargit"},
    {"y": 4, "x": 7, "color": "#ff0101", "username": "mftgtg"},
    {"y": 4, "x": 8, "color": "#F22F46", "username": "<UNCLAIMED>"},
    {"y": 4, "x": 9, "color": "#ff8f00", "username": "Dani555555"},
    {"y": 4, "x": 12, "color": "#4287f5", "username": "ORiveraJr84"},
    {"y": 4, "x": 13, "color": "#FFFF00", "username": "Samuel0413"},
    {"y": 4, "x": 14, "color": "#63C5DA", "username": "tyffical"},
    {"y": 4, "x": 17, "color": "#66CCFF", "username": "apollozhu"},
    {"y": 4, "x": 20, "color": "#42F5CE", "username": "randyyan2000"},
    {"y": 4, "x": 22, "color": "#3498DB", "username": "pslogic"},
    {"y": 4, "x": 29, "color": "#b0cc00", "username": "bliz-ward"},
    {"y": 4, "x": 30, "color": "#b0fc00", "username": "awwa"},
    {"y": 5, "x": 1, "color": "#F22F46", "username": "<UNCLAIMED>"},
    {"y": 5, "x": 2, "color": "#F22F46", "username": "campbellita"},
    {"y": 5, "x": 3, "color": "#F22F46", "username": "<UNCLAIMED>"},
    {"y": 5, "x": 4, "color": "#fc03be", "username": "Ebu44"},
    {"y": 5, "x": 5, "color": "#fc03be", "username": "rgmdizon"},
    {"y": 5, "x": 6, "color": "#F22F46", "username": "<UNCLAIMED>"},
    {"y": 5, "x": 7, "color": "#F22F46", "username": "SustechcsKing"},
    {"y": 5, "x": 8, "color": "#F22F46", "username": "<UNCLAIMED>"},
    {"y": 5, "x": 9, "color": "#F22F46", "username": "dafujii"},
    {"y": 5, "x": 10, "color": "#FFFF00", "username": "suarez12138"},
    {"y": 5, "x": 11, "color": "#FFFF00", "username": "snippledizzle"},
    {"y": 5, "x": 14, "color": "#F00F00", "username": "rapturt9"},
    {"y": 5, "x": 15, "color": "#1161FF", "username": "JAL-code"},
    {"y": 5, "x": 17, "color": "#00acf4", "username": "Vukky123"},
    {"y": 5, "x": 34, "color": "#000099", "username": "adamsbloom"},
    {"y": 5, "x": 55, "color": "#fdfdf5", "username": "MonsterMia"},
    {"y": 6, "x": 5, "color": "#c203fc", "username": "ahojo"},
    {"y": 6, "x": 6, "color": "#3498DB", "username": "dode5656"},
    {"y": 6, "x": 7, "color": "#00FF00", "username": "cr0pr0"},
    {"y": 6, "x": 8, "color": "#68c4bb", "username": "mcarpen3"},
    {"y": 6, "x": 9, "color": "#696969", "username": "jangwoo24"},
    {"y": 6, "x": 16, "color": "#e75f86", "username": "Oliverfk93916"},
    {"y": 6, "x": 24, "color": "#fc03be", "username": "lencialam"},
    {"y": 6, "x": 42, "color": "#8B008B", "username": "chrisffrr"},
    {"y": 7, "x": 1, "color": "#FFFF00", "username": "crodolitz"},
    {"y": 7, "x": 2, "color": "#ff9900", "username": "armykoliva"},
    {"y": 7, "x": 3, "color": "#F22F46", "username": "<UNCLAIMED>"},
    {"y": 7, "x": 4, "color": "#F32B46", "username": "nokenwa"},
    {"y": 7, "x": 5, "color": "#9613f9", "username": "AidanJSmith"},
    {"y": 7, "x": 6, "color": "#F22F46", "username": "kwhinnery"},
    {"y": 7, "x": 7, "color": "#ff0000", "username": "sayaniroy579"},
    {"y": 7, "x": 8, "color": "#ff0000", "username": "sahanihit"},
    {"y": 7, "x": 9, "color": "#fc03be", "username": "isabelle4412"},
    {"y": 7, "x": 10, "color": "#ff7f00", "username": "iganari"},
    {"y": 7, "x": 11, "color": "#aa0505", "username": "farhan9521"},
    {"y": 7, "x": 17, "color": "#D53D53", "username": "nadyafebi"},
    {"y": 7, "x": 21, "color": "#FFBF3F", "username": "Kify7"},
    {"y": 7, "x": 23, "color": "#F24F46", "username": "noisefilter19"},
    {"y": 7, "x": 52, "color": "#0F5D34", "username": "maggiemay-afk"},
    {"y": 7, "x": 59, "color": "#00c0f0", "username": "tszlk"},
    {"y": 8, "x": 0, "color": "#11F5E6", "username": "ShamedCD"},
    {"y": 8, "x": 1, "color": "#00ff41", "username": "jackducham"},
    {"y": 8, "x": 2, "color": "#0002C4", "username": "marzianom"},
    {"y": 8, "x": 3, "color": "#44A0A1", "username": "Saoskia"},
    {"y": 8, "x": 4, "color": "#F22F46", "username": "arunvsuresh"},
    {"y": 8, "x": 8, "color": "#00e600", "username": "bloodymonkey"},
    {"y": 8, "x": 17, "color": "#0d6d6e", "username": "kimberrypi"},
    {"y": 8, "x": 21, "color": "#ffcccc", "username": "longphan98"},
    {"y": 8, "x": 24, "color": "#00FFFF", "username": "coffeephreak"},
    {"y": 8, "x": 27, "color": "#FF0000", "username": "mobilebiz"},
    {"y": 8, "x": 28, "color": "#3AB7FF", "username": "ahmedashour"},
    {"y": 8, "x": 46, "color": "#9613f9", "username": "aesthesir"},
    {"y": 9, "x": 0, "color": "#44337a", "username": "iamthismarvin"},
    {"y": 9, "x": 1, "color": "#17cc89", "username": "artemis34x"},
    {"y": 9, "x": 2, "color": "#FFFF00", "username": "lexamxu"},
    {"y": 9, "x": 5, "color": "#4B5267", "username": "denniswebdel"},
    {"y": 9, "x": 9, "color": "#ffff00", "username": "bgt777"},
    {"y": 9, "x": 14, "color": "#c91306", "username": "kedlawv"},
    {"y": 9, "x": 17, "color": "#d7e360", "username": "rhruby2"},
    {"y": 9, "x": 32, "color": "#1432FF", "username": "KillMonger1"},
    {"y": 10, "x": 4, "color": "#24ffe2", "username": "chuchocoplin"},
    {"y": 10, "x": 9, "color": "#FF00FF", "username": "oliverw21"},
    {"y": 10, "x": 10, "color": "#FF69B4", "username": "dkundel-releases"},
    {"y": 10, "x": 11, "color": "#ff0000", "username": "timas130"},
    {"y": 10, "x": 24, "color": "#F06300", "username": "a-ac"},
    {"y": 10, "x": 26, "color": "#2fff00", "username": "rommelriverab"},
    {"y": 10, "x": 44, "color": "#98B4D4", "username": "krith-10"},
    {"y": 11, "x": 11, "color": "#008080", "username": "dimalytvyn"},
    {"y": 11, "x": 41, "color": "#A556F2", "username": "SriyaR"},
    {"y": 12, "x": 4, "color": "#FFFF00", "username": "xiaoyang413"},
    {"y": 12, "x": 7, "color": "#FFA500", "username": "happypotato1207"},
    {"y": 12, "x": 12, "color": "#000000", "username": "LiaTsernant"},
    {"y": 12, "x": 16, "color": "#ff8c00", "username": "marincapan"},
    {"y": 12, "x": 17, "color": "#121790", "username": "D4nGuerrero"},
    {"y": 12, "x": 28, "color": "#00FFFF", "username": "ryuzakishinji"},
    {"y": 12, "x": 42, "color": "#FFAA66", "username": "DoubleCookies"},
    {"y": 12, "x": 59, "color": "#1285ae", "username": "Packdan7654"},
    {"y": 13, "x": 1, "color": "#EEEEEE", "username": "ryanrobidou"},
    {"y": 13, "x": 4, "color": "#EC6AB7", "username": "mikceroese"},
    {"y": 13, "x": 12, "color": "#1285ae", "username": "susul-1312"},
    {"y": 13, "x": 13, "color": "#116121", "username": "T-MOS"},
    {"y": 13, "x": 17, "color": "#5FA1AB", "username": "zafertugrul"},
    {"y": 13, "x": 31, "color": "#008080", "username": "emalindahk"},
    {"y": 13, "x": 36, "color": "#123456", "username": "movlan"},
    {"y": 13, "x": 37, "color": "#c0ff33", "username": "brandon932"},
    {"y": 13, "x": 42, "color": "#81d742", "username": "GilJKlein"},
    {"y": 13, "x": 50, "color": "#fc03be", "username": "wedkemail"},
    {"y": 14, "x": 14, "color": "#036bfc", "username": "VinFurr"},
    {"y": 14, "x": 15, "color": "#1424a3", "username": "sharath3001"},
    {"y": 14, "x": 21, "color": "#800020", "username": "konossow"},
    {"y": 14, "x": 25, "color": "#00e600", "username": "jayant0jha"},
    {"y": 14, "x": 27, "color": "#f22f46", "username": "mdefazio-twilio"},
    {"y": 15, "x": 15, "color": "#9440A0", "username": "donppyl"},
    {"y": 15, "x": 32, "color": "#22ffaf", "username": "Kalumniatoris"},
    {"y": 15, "x": 33, "color": "#445477", "username": "pavel-miniutka"},
    {"y": 15, "x": 39, "color": "#808080", "username": "kingpinzs"},
    {"y": 15, "x": 50, "color": "#48cae5", "username": "BjornstadThomas"},
    {"y": 15, "x": 59, "color": "#003153", "username": "andyeschultheiss"},
    {"y": 16, "x": 14, "color": "#FAB000", "username": "xdoubleu"},
    {"y": 16, "x": 16, "color": "#FAB000", "username": "hhenrichsen"},
    {"y": 16, "x": 17, "color": "#A0CC71", "username": "grossmeyer"},
    {"y": 16, "x": 49, "color": "#682268", "username": "laiseaquino"},
    {"y": 16, "x": 57, "color": "#015E8A", "username": "jaelccz"},
    {"y": 17, "x": 17, "color": "#FCBA03", "username": "fabiotph"},
    {"y": 17, "x": 22, "color": "#0C154A", "username": "aricday"},
    {"y": 17, "x": 41, "color": "#ffcc99", "username": "12eggs"},
    {"y": 18, "x": 18, "color": "#564D80", "username": "aaroncgoidel"},
    {"y": 18, "x": 45, "color": "#0fb5f7", "username": "GreenAdept"},
    {"y": 19, "x": 19, "color": "#ffffff", "username": "pbodnar"},
    {"y": 19, "x": 23, "color": "#0000ff", "username": "Carl-Rabbit"},
    {"y": 19, "x": 35, "color": "#00b7f5", "username": "dasani08"},
    {"y": 19, "x": 47, "color": "#ff0000", "username": "JeffrinC"},
    {"y": 19, "x": 53, "color": "#447622", "username": "xyoloJR"},
    {"y": 20, "x": 0, "color": "#fe2b5b", "username": "Elisecroft"},
    {"y": 20, "x": 1, "color": "#990000", "username": "emberquill"},
    {"y": 20, "x": 2, "color": "#ffd9d6", "username": "litiwu"},
    {"y": 20, "x": 13, "color": "#ff0000", "username": "phundal-twilio"},
    {"y": 20, "x": 14, "color": "#ff0000", "username": "enkeboll"},
    {"y": 20, "x": 15, "color": "#ff0000", "username": "hezonghan"},
    {"y": 20, "x": 18, "color": "#FF0001", "username": "justinhee"},
    {"y": 20, "x": 20, "color": "#fc03be", "username": "duhacinar"},
    {"y": 21, "x": 8, "color": "#3100E8", "username": "xaviac"},
    {"y": 21, "x": 21, "color": "#dbfc03", "username": "bgraw3"},
    {"y": 22, "x": 2, "color": "#ff0000", "username": "christianbumann"},
    {"y": 22, "x": 5, "color": "#ff0000", "username": "josesalas560"},
    {"y": 22, "x": 7, "color": "#00ee00", "username": "ranrub"},
    {"y": 22, "x": 22, "color": "#ffffff", "username": "willshiao"},
    {"y": 22, "x": 23, "color": "#fe3fa2", "username": "royaltyrose"},
    {"y": 22, "x": 32, "color": "#00ffff", "username": "Amchuz"},
    {"y": 22, "x": 37, "color": "#6D22CB", "username": "benso1"},
    {"y": 22, "x": 38, "color": "#EC407A", "username": "kaustubh3000"},
    {"y": 22, "x": 39, "color": "#F5AF0C", "username": "cristian-baeza"},
    {"y": 22, "x": 48, "color": "#0C154A", "username": "Manuel-Espana"},
    {"y": 23, "x": 10, "color": "#0F008B", "username": "ceemo-twilio"},
    {"y": 23, "x": 17, "color": "#002091", "username": "monoidic"},
    {"y": 23, "x": 23, "color": "#663399", "username": "BtM909"},
    {"y": 23, "x": 24, "color": "#81F7BE", "username": "Gerikk"},
    {"y": 23, "x": 32, "color": "#f22f33", "username": "brenno037"},
    {"y": 23, "x": 39, "color": "#00cd25", "username": "Daniel-Garrett"},
    {"y": 23, "x": 40, "color": "#E59400", "username": "hyperactivehub"},
    {"y": 23, "x": 59, "color": "#8C1515", "username": "oakye"},
    {"y": 24, "x": 2, "color": "#00FF00", "username": "vicdoja"},
    {"y": 24, "x": 24, "color": "#34495E", "username": "rvq"},
    {"y": 24, "x": 29, "color": "#faf5aa", "username": "mayaraman19"},
    {"y": 24, "x": 34, "color": "#990099", "username": "trent-howard"},
    {"y": 24, "x": 42, "color": "#000000", "username": "bentsherman"},
    {"y": 24, "x": 43, "color": "#000000", "username": "KrazyK786"},
    {"y": 24, "x": 55, "color": "#ac04b7", "username": "asaupe"},
    {"y": 25, "x": 0, "color": "#35db61", "username": "osztrovszky"},
    {"y": 25, "x": 25, "color": "#252525", "username": "markolo25"},
    {"y": 25, "x": 26, "color": "#000000", "username": "brosdb"},
    {"y": 25, "x": 30, "color": "#F1f2f3", "username": "Tilteee"},
    {"y": 25, "x": 35, "color": "#0039E6", "username": "Burserg"},
    {"y": 25, "x": 52, "color": "#1BCA00", "username": "RampageRenee"},
    {"y": 26, "x": 7, "color": "#0276fd", "username": "debajitr"},
    {"y": 26, "x": 26, "color": "#a5e3e2", "username": "dactionx"},
    {"y": 26, "x": 27, "color": "#00FFff", "username": "daxm"},
    {"y": 26, "x": 38, "color": "#50b907", "username": "styerfoam"},
    {"y": 26, "x": 42, "color": "#064015", "username": "trekie86"},
    {"y": 27, "x": 7, "color": "#00a86b", "username": "vairasza"},
    {"y": 27, "x": 10, "color": "#503bf1", "username": "MFatjano"},
    {"y": 27, "x": 17, "color": "#862633", "username": "CamoN1nja"},
    {"y": 27, "x": 27, "color": "#a30202", "username": "deadbeatlopes"},
    {"y": 27, "x": 28, "color": "#00cc00", "username": "LucasBraunX"},
    {"y": 27, "x": 29, "color": "#CEBD96", "username": "fowardshift"},
    {"y": 28, "x": 17, "color": "#9E0000", "username": "JayRenavin"},
    {"y": 28, "x": 21, "color": "#034EEE", "username": "Krzyychuu"},
    {"y": 28, "x": 28, "color": "#B48EAD", "username": "yenly"},
    {"y": 28, "x": 29, "color": "#0000ff", "username": "dataman"},
    {"y": 28, "x": 30, "color": "#1dcc83", "username": "mushahidq"},
    {"y": 28, "x": 32, "color": "#7FFF00", "username": "BobbYaka"},
    {"y": 28, "x": 59, "color": "#00997A", "username": "DevTony101"},
    {"y": 29, "x": 29, "color": "#21BABE", "username": "daniel-simms"},
    {"y": 29, "x": 30, "color": "#4D291B", "username": "jyzeng17"},
    {"y": 29, "x": 31, "color": "#6682FF", "username": "niklex21"},
    {"y": 30, "x": 0, "color": "#0CC0C6", "username": "gentzeng"},
    {"y": 30, "x": 1, "color": "#F22F46", "username": "CryptoCereals"},
    {"y": 30, "x": 10, "color": "#0000FF", "username": "i-shivamsoni"},
    {"y": 30, "x": 20, "color": "#ff0000", "username": "SylvainB59"},
    {"y": 30, "x": 23, "color": "#8A93DB", "username": "partum"},
    {"y": 30, "x": 25, "color": "#FD0202", "username": "Remy-dev"},
    {"y": 30, "x": 28, "color": "#004400", "username": "rogue-puppet"},
    {"y": 30, "x": 29, "color": "#e2ffff", "username": "gmathews6"},
    {"y": 30, "x": 30, "color": "#66FF99", "username": "taikon"},
    {"y": 30, "x": 31, "color": "#153fc3", "username": "achudinovskyh"},
    {"y": 30, "x": 35, "color": "#c0de00", "username": "Shlygly"},
    {"y": 31, "x": 0, "color": "#d7f3f6", "username": "SoulLength"},
    {"y": 31, "x": 28, "color": "#ff0000", "username": "dawidvinicius"},
    {"y": 31, "x": 29, "color": "#16A096", "username": "t3xhno"},
    {"y": 31, "x": 30, "color": "#160986", "username": "jeojhx"},
    {"y": 31, "x": 31, "color": "#FF00FF", "username": "OliverParoczai"},
    {"y": 31, "x": 32, "color": "#003399", "username": "ArmandoMG"},
    {"y": 31, "x": 44, "color": "#fcaa77", "username": "juanpflores"},
    {"y": 31, "x": 45, "color": "#FF00FF", "username": "Giovannacm"},
    {"y": 31, "x": 46, "color": "#420696", "username": "jibaky"},
    {"y": 31, "x": 47, "color": "#f44336", "username": "chinaglia-rafa"},
    {"y": 31, "x": 48, "color": "#3328fb", "username": "luanamarquesf"},
    {"y": 31, "x": 49, "color": "#00CED1", "username": "Mariana4Alves"},
    {"y": 31, "x": 50, "color": "#EE20B2", "username": "vinijabes"},
    {"y": 31, "x": 51, "color": "#CCCCFF", "username": "nottnottloop"},
    {"y": 32, "x": 28, "color": "#e91e63", "username": "vietd0x"},
    {"y": 32, "x": 32, "color": "#4b0082", "username": "alexandresc"},
    {"y": 32, "x": 44, "color": "#EED4E5", "username": "lovevictoria2020"},
    {"y": 32, "x": 45, "color": "#0366d6", "username": "darlannakamura"},
    {"y": 32, "x": 46, "color": "#663399", "username": "DayaToledo"},
    {"y": 32, "x": 47, "color": "#21BABE", "username": "LorenAlonso"},
    {"y": 32, "x": 48, "color": "#503BF1", "username": "mfrance14"},
    {"y": 32, "x": 49, "color": "#FFFF00", "username": "brunaanselmo"},
    {"y": 32, "x": 50, "color": "#00ffee", "username": "lucasgstumpf"},
    {"y": 33, "x": 14, "color": "#A13656", "username": "OroshiX"},
    {"y": 33, "x": 21, "color": "#33FF95", "username": "5usana"},
    {"y": 33, "x": 24, "color": "#3498DB", "username": "kebien6020"},
    {"y": 33, "x": 25, "color": "#33D8FF", "username": "sammanatt"},
    {"y": 33, "x": 29, "color": "#3fb568", "username": "PawelWrzesinski"},
    {"y": 33, "x": 33, "color": "#FF00FF", "username": "darter-funny"},
    {"y": 33, "x": 47, "color": "#FFFF00", "username": "MS-LOL"},
    {"y": 33, "x": 57, "color": "#FFF4F6", "username": "ShubhaIn"},
    {"y": 34, "x": 15, "color": "#161b22", "username": "muraterzioglu"},
    {"y": 34, "x": 16, "color": "#3388ff", "username": "onzfonz"},
    {"y": 34, "x": 17, "color": "#3388ff", "username": "artismyname"},
    {"y": 34, "x": 18, "color": "#DAA520", "username": "antonioii"},
    {"y": 34, "x": 19, "color": "#888888", "username": "Elweyn"},
    {"y": 34, "x": 20, "color": "#3498DB", "username": "JeremasPosta"},
    {"y": 34, "x": 21, "color": "#3498DB", "username": "mrlucasrib"},
    {"y": 34, "x": 22, "color": "#3498DB", "username": "antonio072"},
    {"y": 34, "x": 23, "color": "#3498DB", "username": "sanchezpili6"},
    {"y": 34, "x": 24, "color": "#3498DB", "username": "benjamin-wunder"},
    {"y": 34, "x": 25, "color": "#3498DB", "username": "macieka8"},
    {"y": 34, "x": 26, "color": "#ff8ae2", "username": "grynczelm"},
    {"y": 34, "x": 34, "color": "#4b0082", "username": "agneske-arter-walter-mostertruck-firetr"},
    {"y": 34, "x": 59, "color": "#004680", "username": "grumble1965"},
    {"y": 35, "x": 19, "color": "#3498DB", "username": "BrodoTbaggins"},
    {"y": 35, "x": 20, "color": "#3498DB", "username": "GuiCT49"},
    {"y": 35, "x": 21, "color": "#3498DB", "username": "murilopereirame"},
    {"y": 35, "x": 22, "color": "#3498DB", "username": "letbarros"},
    {"y": 35, "x": 23, "color": "#3498DB", "username": "TerenceHinrichsen"},
    {"y": 35, "x": 24, "color": "#3498DB", "username": "brianbchoi"},
    {"y": 35, "x": 25, "color": "#3498DB", "username": "Czuki"},
    {"y": 35, "x": 35, "color": "#FF00FF", "username": "xMate420x"},
    {"y": 36, "x": 5, "color": "#187D34", "username": "arp365"},
    {"y": 36, "x": 6, "color": "#3b5998", "username": "lowcloudnine"},
    {"y": 36, "x": 19, "color": "#0000ff", "username": "Fransuisse"},
    {"y": 36, "x": 20, "color": "#3498DB", "username": "GSushi"},
    {"y": 36, "x": 21, "color": "#3498DB", "username": "Pedrazn"},
    {"y": 36, "x": 22, "color": "#3498DB", "username": "matgomes21"},
    {"y": 36, "x": 23, "color": "#0000ff", "username": "chenyuheng"},
    {"y": 36, "x": 28, "color": "#1a53ff", "username": "kingdunadd"},
    {"y": 36, "x": 35, "color": "#ffffff", "username": "kaydo36"},
    {"y": 36, "x": 36, "color": "#4B0082", "username": "veressmikloska123"},
    {"y": 37, "x": 20, "color": "#3498DB", "username": "MaykonDouglas21"},
    {"y": 37, "x": 21, "color": "#3498DB", "username": "GabrielaSinastre"},
    {"y": 37, "x": 22, "color": "#3498DB", "username": "HB-fga"},
    {"y": 37, "x": 23, "color": "#3498DB", "username": "mdvickst"},
    {"y": 37, "x": 26, "color": "#3498DB", "username": "Misthalin"},
    {"y": 37, "x": 35, "color": "#ff0000", "username": "jobenland"},
    {"y": 37, "x": 37, "color": "#DD00FF", "username": "googol88"},
    {"y": 38, "x": 19, "color": "#FFFFFF", "username": "philnash"},
    {"y": 38, "x": 20, "color": "#3498db", "username": "Willendes"},
    {"y": 38, "x": 21, "color": "#3498db", "username": "beescuit"},
    {"y": 38, "x": 22, "color": "#3498db", "username": "matheusafonsouza"},
    {"y": 38, "x": 23, "color": "#3498db", "username": "Jacrys"},
    {"y": 38, "x": 38, "color": "#0f61c1", "username": "rickyrobinett"},
    {"y": 38, "x": 45, "color": "#6183A6", "username": "tjn135"},
    {"y": 39, "x": 0, "color": "#623CE4", "username": "toddmoy"},
    {"y": 39, "x": 3, "color": "#F22F46", "username": "memitaru"},
    {"y": 39, "x": 4, "color": "#C6EB34", "username": "Charlesetiennev"},
    {"y": 39, "x": 19, "color": "#FFFFFF", "username": "armslice"},
    {"y": 39, "x": 20, "color": "#3498DB", "username": "DanielThemoteo"},
    {"y": 39, "x": 21, "color": "#3498DB", "username": "viniciusveu"},
    {"y": 39, "x": 22, "color": "#3498DB", "username": "viniciussaturnino"},
    {"y": 39, "x": 23, "color": "#3498db", "username": "AdamRosiak"},
    {"y": 39, "x": 29, "color": "#CCFF00", "username": "DebugAgrawal"},
    {"y": 39, "x": 36, "color": "#008348", "username": "jdzahrt"},
    {"y": 39, "x": 39, "color": "#000080", "username": "rmkubik"},
    {"y": 40, "x": 0, "color": "#52307c", "username": "ashleep25"},
    {"y": 40, "x": 19, "color": "#FFFFFF", "username": "jerubball"},
    {"y": 40, "x": 20, "color": "#088080", "username": "madrigal415"},
    {"y": 40, "x": 24, "color": "#446431", "username": "jsatuaho"},
    {"y": 40, "x": 40, "color": "#992185", "username": "war0"},
    {"y": 40, "x": 50, "color": "#32CD32", "username": "gabrielsmantovani"},
    {"y": 40, "x": 52, "color": "#80ba27", "username": "coerles"},
    {"y": 40, "x": 55, "color": "#f5e9aa", "username": "Ishdril"},
    {"y": 40, "x": 59, "color": "#4f2bca", "username": "ocawesome101"},
    {"y": 41, "x": 7, "color": "#45ce85", "username": "Pipsqus"},
    {"y": 41, "x": 14, "color": "#ffffff", "username": "dogsbody"},
    {"y": 41, "x": 21, "color": "#003399", "username": "izurii"},
    {"y": 41, "x": 41, "color": "#1E6341", "username": "whyyes-max"},
    {"y": 42, "x": 0, "color": "#228B22", "username": "madscientist001"},
    {"y": 42, "x": 6, "color": "#6789AB", "username": "mathprouv"},
    {"y": 42, "x": 7, "color": "#000000", "username": "rebekkalu"},
    {"y": 42, "x": 8, "color": "#AABBCC", "username": "realityexpander"},
    {"y": 42, "x": 10, "color": "#fc03be", "username": "Silvoax"},
    {"y": 42, "x": 23, "color": "#446431", "username": "wildcard"},
    {"y": 42, "x": 24, "color": "#2DE09A", "username": "FannarLumi"},
    {"y": 42, "x": 28, "color": "#5918df", "username": "YasiOnFire"},
    {"y": 42, "x": 29, "color": "#b572c0", "username": "kezizhou"},
    {"y": 42, "x": 40, "color": "#0276fd", "username": "MishManners"},
    {"y": 42, "x": 41, "color": "#cc0066", "username": "msandfor"},
    {"y": 42, "x": 42, "color": "#9440A0", "username": "amykapernick"},
    {"y": 42, "x": 43, "color": "#F22F46", "username": "azrizhaziq"},
    {"y": 42, "x": 44, "color": "#0F2745", "username": "lucecarter"},
    {"y": 42, "x": 50, "color": "#F7DE50", "username": "Keatnuxsuo"},
    {"y": 42, "x": 51, "color": "#005678", "username": "TuringTux"},
    {"y": 42, "x": 52, "color": "#9429ff", "username": "Cutecat42"},
    {"y": 42, "x": 59, "color": "#42ff92", "username": "fletcher97"},
    {"y": 43, "x": 17, "color": "#b9e394", "username": "J-Andrieu"},
    {"y": 43, "x": 20, "color": "#FACADE", "username": "domincl"},
    {"y": 43, "x": 23, "color": "#6CFBD4", "username": "wrightna-1998"},
    {"y": 43, "x": 42, "color": "#FF00FF", "username": "mpomery"},
    {"y": 43, "x": 43, "color": "#F22F46", "username": "frinzekt"},
    {"y": 43, "x": 44, "color": "#FFB6C1", "username": "snoweyfoxx"},
    {"y": 43, "x": 45, "color": "#FFB6C1", "username": "night-gale"},
    {"y": 44, "x": 2, "color": "#FFFF00", "username": "packdl"},
    {"y": 44, "x": 17, "color": "#FFFF00", "username": "joaocmreis"},
    {"y": 44, "x": 33, "color": "#2F5B64", "username": "CrustyBarnacle"},
    {"y": 44, "x": 34, "color": "#800080", "username": "o-k-a-y"},
    {"y": 44, "x": 44, "color": "#fc4e03", "username": "psicobloc"},
    {"y": 44, "x": 50, "color": "#ff0000", "username": "strawberrydog32"},
    {"y": 44, "x": 52, "color": "#F3963A", "username": "julaverd"},
    {"y": 45, "x": 13, "color": "#09CDDA", "username": "riddarvid"},
    {"y": 45, "x": 17, "color": "#28bb8c", "username": "WilliamAboucaya"},
    {"y": 45, "x": 20, "color": "#F5345E", "username": "elizaveta-sergejevna"},
    {"y": 45, "x": 21, "color": "#7be089", "username": "sestissi16"},
    {"y": 45, "x": 25, "color": "#F33F46", "username": "tnhabib"},
    {"y": 45, "x": 45, "color": "#0d6d6e", "username": "jamesabaja"},
    {"y": 45, "x": 46, "color": "#aa00ff", "username": "missym2"},
    {"y": 46, "x": 46, "color": "#ff0000", "username": "sanderadamdxc"},
    {"y": 47, "x": 11, "color": "#71c48d", "username": "Torben2000"},
    {"y": 47, "x": 20, "color": "#456789", "username": "JulianPDT"},
    {"y": 47, "x": 47, "color": "#000080", "username": "irobin591"},
    {"y": 48, "x": 30, "color": "#9b32a8", "username": "fati-068"},
    {"y": 48, "x": 48, "color": "#ff8c00", "username": "it-212"},
    {"y": 49, "x": 30, "color": "#FF6800", "username": "JaguarMX"},
    {"y": 49, "x": 35, "color": "#15c28f", "username": "mee-kell"},
    {"y": 49, "x": 42, "color": "#ededed", "username": "bcomerford"},
    {"y": 49, "x": 49, "color": "#033edd", "username": "pdevito"},
    {"y": 49, "x": 50, "color": "#00853E", "username": "Wertzhog"},
    {"y": 49, "x": 51, "color": "#00853E", "username": "jasonshea"},
    {"y": 49, "x": 52, "color": "#eeeeee", "username": "otavongg"},
    {"y": 49, "x": 57, "color": "#c75a1b", "username": "hanstognon"},
    {"y": 50, "x": 0, "color": "#FFFF00", "username": "aaron-lord"},
    {"y": 50, "x": 1, "color": "#35c497", "username": "czlucius"},
    {"y": 50, "x": 10, "color": "#065c6f", "username": "M-O-H"},
    {"y": 50, "x": 11, "color": "#D96E0F", "username": "Chente31209"},
    {"y": 50, "x": 12, "color": "#0B5FDE", "username": "A01232528-JorgeMaa"},
    {"y": 50, "x": 17, "color": "#007696", "username": "Shudfly"},
    {"y": 50, "x": 24, "color": "#fc03be", "username": "william-monroy"},
    {"y": 50, "x": 50, "color": "#00853E", "username": "Paratrooper5065"},
    {"y": 50, "x": 51, "color": "#2D2B55", "username": "jamesscaggs"},
    {"y": 50, "x": 52, "color": "#00853E", "username": "sanpra406"},
    {"y": 51, "x": 50, "color": "#EEEEEE", "username": "fargetan"},
    {"y": 51, "x": 51, "color": "#00853E", "username": "Nophisticated"},
    {"y": 51, "x": 52, "color": "#00853E", "username": "kcaashish"},
    {"y": 52, "x": 0, "color": "#008080", "username": "jcsekar"},
    {"y": 52, "x": 42, "color": "#68D391", "username": "javy-"},
    {"y": 52, "x": 52, "color": "#F22F46", "username": "nuwan94"},
    {"y": 53, "x": 0, "color": "#fc03be", "username": "elisemoe"},
    {"y": 53, "x": 53, "color": "#fbed40", "username": "vitoria"},
    {"y": 53, "x": 54, "color": "#000000", "username": "ericjb77"},
    {"y": 54, "x": 5, "color": "#3498DB", "username": "mattduffy"},
    {"y": 54, "x": 32, "color": "#1Added", "username": "byronigoe"},
    {"y": 54, "x": 33, "color": "#000000", "username": "michal-lepik"},
    {"y": 54, "x": 54, "color": "#3498db", "username": "ydegtyar"},
    {"y": 55, "x": 0, "color": "#3498db", "username": "rondemena"},
    {"y": 55, "x": 15, "color": "#000099", "username": "FarkoMoot"},
    {"y": 55, "x": 20, "color": "#00e600", "username": "vaibhav-jain18"},
    {"y": 55, "x": 25, "color": "#33FF00", "username": "Felix1144"},
    {"y": 55, "x": 40, "color": "#00a0e7", "username": "PakkuDon"},
    {"y": 55, "x": 55, "color": "#ff0000", "username": "jakolax"},
    {"y": 56, "x": 4, "color": "#ab2a28", "username": "monaet"},
    {"y": 56, "x": 56, "color": "#8E44AD", "username": "Shreya-L"},
    {"y": 56, "x": 58, "color": "#4903fc", "username": "neowashumanizedcode"},
    {"y": 56, "x": 59, "color": "#fc03be", "username": "Nitesh-thapliyal"},
    {"y": 57, "x": 3, "color": "#00ffff", "username": "NEwtonsPlaylist"},
    {"y": 57, "x": 5, "color": "#ff0000", "username": "lory575"},
    {"y": 57, "x": 6, "color": "#fc03be", "username": "mich-al"},
    {"y": 57, "x": 42, "color": "#aabbcc", "username": "Cheyenne-development"},
    {"y": 57, "x": 57, "color": "#AAE3F5", "username": "nottiffchan"},
    {"y": 57, "x": 58, "color": "#888888", "username": "geeknees"},
    {"y": 57, "x": 59, "color": "#00ffff", "username": "DJKC"},
    {"y": 58, "x": 0, "color": "#000099", "username": "AlexanderHMagno"},
    {"y": 58, "x": 1, "color": "#fcc41a", "username": "Lchiwawa"},
    {"y": 58, "x": 2, "color": "#ff03b2", "username": "justincervantes"},
    {"y": 58, "x": 3, "color": "#fafafa", "username": "zakenobi"},
    {"y": 58, "x": 4, "color": "#4a8fff", "username": "mrmalac"},
    {"y": 58, "x": 5, "color": "#FFFF00", "username": "ShinsukeYokota"},
    {"y": 58, "x": 8, "color": "#012345", "username": "ChangzhenZhang"},
    {"y": 58, "x": 12, "color": "#ff00bb", "username": "luizgt"},
    {"y": 58, "x": 13, "color": "#ffff00", "username": "julio-martini"},
    {"y": 58, "x": 55, "color": "#F3963A", "username": "Lanninger08"},
    {"y": 58, "x": 56, "color": "#F3963A", "username": "lparisot"},
    {"y": 58, "x": 58, "color": "#0101ff", "username": "pepetorres1998"},
    {"y": 58, "x": 59, "color": "#ffff00", "username": "Ying091909"},
    {"y": 59, "x": 0, "color": "#fc03be", "username": "abhayjatindoshi"},
    {"y": 59, "x": 1, "color": "#8DC641", "username": "nperalta-tw"},
    {"y": 59, "x": 2, "color": "#F22F46", "username": "mohdule"},
    {"y": 59, "x": 3, "color": "#152238", "username": "quave"},
    {"y": 59, "x": 4, "color": "#9400D3", "username": "LeandroH9"},
    {"y": 59, "x": 5, "color": "#FFFF00", "username": "howardg2000"},
    {"y": 59, "x": 6, "color": "#FFFF00", "username": "rahulntrivedi"},
    {"y": 59, "x": 7, "color": "#00853E", "username": "davidwangmo"},
    {"y": 59, "x": 8, "color": "#fc03be", "username": "LEL-15"},
    {"y": 59, "x": 9, "color": "#FFFF00", "username": "jeff1216"},
    {"y": 59, "x": 10, "color": "#228432", "username": "kyle-okeeffe"},
    {"y": 59, "x": 11, "color": "#228432", "username": "snickerjp"},
    {"y": 59, "x": 12, "color": "#FF007E", "username": "GiuliaCampos"},
    {"y": 59, "x": 13, "color": "#fc03be", "username": "fubeca223"},
    {"y": 59, "x": 15, "color": "#FFF000", "username": "elopfer"},
    {"y": 59, "x": 17, "color": "#990099", "username": "hellomc"},
    {"y": 59, "x": 19, "color": "#0047ab", "username": "chayan-chawra"},
    {"y": 59, "x": 20, "color": "#FFFF00", "username": "abhishek-ac"},
    {"y": 59, "x": 21, "color": "#1B1B1B", "username": "quybot"},
    {"y": 59, "x": 23, "color": "#42A21B", "username": "skele-666"},
    {"y": 59, "x": 26, "color": "#0f3be0", "username": "vivek-py"},
    {"y": 59, "x": 27, "color": "#d8105c", "username": "paulsonjpaul"},
    {"y": 59, "x": 28, "color": "#ff4400", "username": "karenalmeida18"},
    {"y": 59, "x": 29, "color": "#ff4455", "username": "zthiagovalle"},
    {"y": 59, "x": 30, "color": "#00ff00", "username": "darcness"},
    {"y": 59, "x": 31, "color": "#F22F46", "username": "SebPelli"},
    {"y": 59, "x": 32, "color": "#ABCDEF", "username": "bondz"},
    {"y": 59, "x": 33, "color": "#FFF000", "username": "Dan60093"},
    {"y": 59, "x": 34, "color": "#F6F4EB", "username": "yagitoshiro"},
    {"y": 59, "x": 35, "color": "#589005", "username": "johnpaynee"},
    {"y": 59, "x": 36, "color": "#F22F46", "username": "roikoren755"},
    {"y": 59, "x": 37, "color": "#fefefe", "username": "jasonhoule"},
    {"y": 59, "x": 40, "color": "#8A33FF", "username": "jjcrab"},
    {"y": 59, "x": 44, "color": "#D99C3D", "username": "Emilio0404"},
    {"y": 59, "x": 47, "color": "#ff12c2", "username": "aididas"},
    {"y": 59, "x": 48, "color": "#ffff00", "username": "ReadingShades"},
    {"y": 59, "x": 49, "color": "#fafafa", "username": "oplik0"},
    {"y": 59, "x": 50, "color": "#FFC0CB", "username": "Tony-Rome"},
    {"y": 59, "x": 51, "color": "#00997A", "username": "anooppoommen"},
    {"y": 59, "x": 52, "color": "#fc03be", "username": "DimmyJing"},
    {"y": 59, "x": 53, "color": "#deadbe", "username": "liropa"},
    {"y": 59, "x": 55, "color": "#ff12c2", "username": "marvmn"},
    {"y": 59, "x": 56, "color": "#00BBEE", "username": "OfficialSirH"},
    {"y": 59, "x": 57, "color": "#36FF00", "username": "poecilonym"},
    {"y": 59, "x": 58, "color": "#ccff00", "username": "TheLaz"},
    {"y": 59, "x": 59, "color": "#fc03be", "username": "hjpunzalan"}
  ]
}